{
  "A_PB": 0.028774368331997317,
  "A_PB2": 0.01,
  "A_SB": 0.0001,
  "A_SB2": 0.0001,
  "F_C": 0.15520833333333334,
  "F_C2": 0.4,
  "F_N": 0.2,
  "F_N2": 0.4,
  "F_PB": 0.13541666666666666,
  "F_PB2": 0.3,
  "F_SB": 0.17500000000000002,
  "F_SB2": 0.4,
  "N": 79,
  "T_S": 0.020833333333333332,
  "W_PB": 1,
  "W_PB2": 1,
  "W_SB": 1,
  "W_SB2": 1,
  "_id": [
    "pyfda",
    1
  ],
  "amp_specs_unit": "dB",
  "ba": [
    [
      0.000214118660511226,
      -0.0004088006236438609,
      -0.0007393808543799835,
      -0.00043173787125255184,
      0.00038948049892909296,
      0.0010787620360924533,
      0.0008878880672336903,
      -0.0003130127570271753,
      -0.0016399876617439642,
      -0.0017279374828420258,
      -1.5915710007597687e-05,
      0.002335668924789404,
      0.0030623380416535547,
      0.0008383606190199268,
      -0.002986379579657999,
      -0.004941502659937219,
      -0.002423315947495368,
      0.0033171035840530863,
      0.007338604013504303,
      0.005057059745814893,
      -0.002952341459142385,
      -0.010143697548303384,
      -0.009056881525567103,
      0.0013903473139340557,
      0.013170800227328878,
      0.01484700638642632,
      0.002095336192935414,
      -0.01617744576799923,
      -0.023205262009605772,
      -0.008793509338145355,
      0.018894144077433048,
      0.036101303821760675,
      0.021851228483671607,
      -0.02105945858229839,
      -0.06055466825760139,
      -0.05352943319474994,
      0.02245538184444279,
      0.14707780508031462,
      0.2633483287964349,
      0.3106992048302334,
      0.2633483287964349,
      0.14707780508031462,
      0.02245538184444279,
      -0.05352943319474994,
      -0.06055466825760139,
      -0.02105945858229839,
      0.021851228483671607,
      0.03610130382176068,
      0.018894144077433055,
      -0.008793509338145355,
      -0.023205262009605775,
      -0.01617744576799923,
      0.0020953361929354143,
      0.01484700638642632,
      0.01317080022732888,
      0.0013903473139340566,
      -0.009056881525567103,
      -0.010143697548303387,
      -0.002952341459142385,
      0.005057059745814894,
      0.007338604013504308,
      0.0033171035840530863,
      -0.0024233159474953687,
      -0.004941502659937219,
      -0.002986379579657999,
      0.0008383606190199278,
      0.0030623380416535547,
      0.0023356689247894056,
      -1.5915710007597687e-05,
      -0.001727937482842027,
      -0.0016399876617439668,
      -0.0003130127570271753,
      0.0008878880672336906,
      0.0010787620360924533,
      0.0003894804989290932,
      -0.0004317378712525521,
      -0.0007393808543799835,
      -0.0004088006236438609,
      0.000214118660511226
    ],
    [
      1.0,
      0.0,
      0.0,
      0.0,
      0.0,
      0.0,
      0.0,
      0.0,
      0.0,
      0.0,
      0.0,
      0.0,
      0.0,
      0.0,
      0.0,
      0.0,
      0.0,
      0.0,
      0.0,
      0.0,
      0.0,
      0.0,
      0.0,
      0.0,
      0.0,
      0.0,
      0.0,
      0.0,
      0.0,
      0.0,
      0.0,
      0.0,
      0.0,
      0.0,
      0.0,
      0.0,
      0.0,
      0.0,
      0.0,
      0.0,
      0.0,
      0.0,
      0.0,
      0.0,
      0.0,
      0.0,
      0.0,
      0.0,
      0.0,
      0.0,
      0.0,
      0.0,
      0.0,
      0.0,
      0.0,
      0.0,
      0.0,
      0.0,
      0.0,
      0.0,
      0.0,
      0.0,
      0.0,
      0.0,
      0.0,
      0.0,
      0.0,
      0.0,
      0.0,
      0.0,
      0.0,
      0.0,
      0.0,
      0.0,
      0.0,
      0.0,
      0.0,
      0.0,
      0.0
    ]
  ],
  "creator": [
    "ba",
    "pyfda.filter_widgets.firwin"
  ],
  "f_S": 48.0,
  "f_S_prev": 48.0,
  "f_max": 48.0,
  "f_s_scale": 1000.0,
  "fc": "Firwin",
  "filter_widgets": {
    "equiripple": {
      "grid_density": 16
    },
    "firwin": {
      "disp_name": "Hamming",
      "id": "hamming",
      "par_val": [],
      "win_len": 32
    },
    "ma": {
      "delays": 5,
      "normalize": true,
      "stages": 2
    }
  },
  "fo": "min",
  "freqSpecsRange": [
    0,
    24.0
  ],
  "freqSpecsRangeType": "half",
  "freq_locked": false,
  "freq_specs_sort": true,
  "freq_specs_unit": "kHz",
  "ft": "FIR",
  "fx_base": "dec",
  "fx_mod_class_name": "pyfda.fixpoint_widgets.fir_df.fir_df_pyfixp_ui",
  "fx_sim": false,
  "fxq": {
    "QACC": {
      "N_over": 0,
      "WF": 30,
      "WI": 1,
      "ovfl": "wrap",
      "quant": "floor",
      "w_a_m": "a"
    },
    "QCA": {
      "N_over": 0,
      "WF": 12,
      "WI": 6,
      "ovfl": "wrap",
      "quant": "floor",
      "w_a_m": "a"
    },
    "QCB": {
      "N_over": 0,
      "WF": 15,
      "WI": 0,
      "ovfl": "wrap",
      "quant": "floor",
      "w_a_m": "a"
    },
    "QI": {
      "N_over": 0,
      "WF": 15,
      "WI": 0,
      "ovfl": "sat",
      "quant": "round",
      "w_a_m": "m"
    },
    "QO": {
      "N_over": 0,
      "WF": 15,
      "WI": 0,
      "ovfl": "wrap",
      "quant": "floor",
      "w_a_m": "m"
    }
  },
  "info": "Ellip. LP (default)",
  "plt_fLabel": "$f$ in kHz$\\; \\rightarrow$",
  "plt_fUnit": "kHz",
  "plt_phiLabel": "$\\angle H(\\mathrm{e}^{\\mathrm{j} \\Omega})$ in rad $\\rightarrow $",
  "plt_phiUnit": "rad",
  "plt_tLabel": "$t$ in ms$\\; \\rightarrow$",
  "plt_tUnit": "ms",
  "qfrmt": "qfrac",
  "rt": "LP",